Rank,Release Group,Worldwide,Domestic,%,Foreign,%
1,Pirates of the Caribbean: At World's End,"$960,996,492","$309,420,425",32.2%,"$651,576,067",67.8%
2,Harry Potter and the Order of the Phoenix,"$941,676,843","$292,004,738",31%,"$649,672,105",69%
3,Spider-Man 3,"$894,983,373","$336,530,303",37.6%,"$558,453,070",62.4%
4,Shrek the Third,"$813,367,380","$322,719,944",39.7%,"$490,647,436",60.3%
5,Transformers,"$709,709,780","$319,246,193",45%,"$390,463,587",55%
6,Ratatouille,"$623,726,085","$206,445,654",33.1%,"$417,280,431",66.9%
7,I Am Legend,"$585,410,052","$256,393,010",43.8%,"$329,017,042",56.2%
8,The Simpsons Movie,"$536,414,270","$183,135,014",34.1%,"$353,279,256",65.9%
9,National Treasure: Book of Secrets,"$459,242,249","$219,964,115",47.9%,"$239,278,134",52.1%
10,300,"$456,068,181","$210,614,939",46.2%,"$245,453,242",53.8%
11,The Bourne Ultimatum,"$444,100,035","$227,471,070",51.2%,"$216,628,965",48.8%
12,Live Free or Die Hard,"$388,156,011","$134,529,403",34.7%,"$253,626,608",65.3%
13,The Golden Compass,"$372,234,864","$70,107,728",18.8%,"$302,127,136",81.2%
14,Alvin and the Chipmunks,"$365,352,546","$217,326,974",59.5%,"$148,025,572",40.5%
15,Enchanted,"$340,487,652","$127,807,262",37.5%,"$212,680,390",62.5%
16,Ocean's Thirteen,"$311,312,624","$117,154,724",37.6%,"$194,157,900",62.4%
17,Fantastic 4: Rise of the Silver Surfer,"$301,913,131","$131,921,738",43.7%,"$169,991,393",56.3%
18,Bee Movie,"$293,514,336","$126,631,277",43.1%,"$166,883,059",56.9%
19,American Gangster,"$269,755,430","$130,164,645",48.3%,"$139,590,785",51.7%
20,Rush Hour 3,"$258,097,122","$140,125,968",54.3%,"$117,971,154",45.7%
21,Wild Hogs,"$253,625,427","$168,273,550",66.3%,"$85,351,877",33.7%
22,Juno,"$232,372,681","$143,495,265",61.8%,"$88,877,416",38.2%
23,Mr. Bean's Holiday,"$232,225,908","$33,302,167",14.3%,"$198,923,741",85.7%
24,Ghost Rider,"$228,738,393","$115,802,596",50.6%,"$112,935,797",49.4%
25,Knocked Up,"$219,922,417","$148,768,917",67.6%,"$71,153,500",32.4%
26,Hairspray,"$203,552,922","$118,871,849",58.4%,"$84,681,073",41.6%
27,Beowulf,"$196,393,745","$82,280,579",41.9%,"$114,113,166",58.1%
28,I Now Pronounce You Chuck & Larry,"$187,134,117","$120,059,556",64.2%,"$67,074,561",35.8%
29,Knowing,"$183,658,498","$79,957,634",43.5%,"$103,700,864",56.5%
30,The Bucket List,"$175,372,502","$93,466,502",53.3%,"$81,906,000",46.7%
31,Evan Almighty,"$174,440,724","$100,462,298",57.6%,"$73,978,426",42.4%
32,No Country for Old Men,"$171,627,166","$74,283,625",43.3%,"$97,343,541",56.7%
33,Superbad,"$170,812,526","$121,463,226",71.1%,"$49,349,300",28.9%
34,Meet the Robinsons,"$169,333,034","$97,822,171",57.8%,"$71,510,863",42.2%
35,Norbit,"$159,814,490","$95,673,607",59.9%,"$64,140,883",40.1%
36,P.S. I Love You,"$156,835,339","$53,695,808",34.2%,"$103,139,531",65.8%
37,Sweeney Todd: The Demon Barber of Fleet Street,"$153,383,627","$52,898,073",34.5%,"$100,485,554",65.5%
38,Surf's Up,"$152,005,713","$58,867,694",38.7%,"$93,138,019",61.3%
39,The Game Plan,"$147,880,543","$90,648,202",61.3%,"$57,232,341",38.7%
40,Resident Evil: Extinction,"$147,717,833","$50,648,679",34.3%,"$97,069,154",65.7%
41,Music and Lyrics,"$145,896,422","$50,572,589",34.7%,"$95,323,833",65.3%
42,Blades of Glory,"$145,710,347","$118,594,548",81.4%,"$27,115,799",18.6%
43,Saw IV,"$139,352,633","$63,300,095",45.4%,"$76,052,538",54.6%
44,Bridge to Terabithia,"$137,587,063","$82,272,442",59.8%,"$55,314,621",40.2%
45,Stardust,"$137,515,140","$38,634,938",28.1%,"$98,880,202",71.9%
46,1408,"$132,963,417","$71,985,628",54.1%,"$60,977,789",45.9%
47,Atonement,"$131,016,624","$50,927,067",38.9%,"$80,089,557",61.1%
48,Aliens vs. Predator: Requiem,"$130,290,885","$41,797,066",32.1%,"$88,493,819",67.9%
49,The Heartbreak Kid,"$128,453,183","$36,787,257",28.6%,"$91,665,926",71.4%
50,Charlie Wilson's War,"$119,483,446","$66,661,095",55.8%,"$52,822,351",44.2%
51,Disturbia,"$118,114,220","$80,209,692",67.9%,"$37,904,528",32.1%
52,Earth,"$108,975,160","$32,011,576",29.4%,"$76,963,584",70.6%
53,The Water Horse,"$103,967,384","$40,946,255",39.4%,"$63,021,129",60.6%
54,Hitman,"$101,276,318","$39,687,694",39.2%,"$61,588,624",60.8%
55,Fred Claus,"$97,838,349","$72,006,777",73.6%,"$25,831,572",26.4%
56,TMNT,"$95,802,916","$54,149,098",56.5%,"$41,653,818",43.5%
57,Shooter,"$95,696,996","$47,003,582",49.1%,"$48,693,414",50.9%
58,Michael Clayton,"$92,991,835","$49,033,882",52.7%,"$43,957,953",47.3%
59,No Reservations,"$92,601,050","$43,107,979",46.6%,"$49,493,071",53.4%
60,Fracture,"$92,011,561","$39,015,018",42.4%,"$52,996,543",57.6%
61,Epic Movie,"$87,238,158","$39,739,367",45.6%,"$47,498,791",54.4%
62,The Kingdom,"$87,019,158","$47,536,778",54.6%,"$39,482,380",45.4%
63,La Vie En Rose,"$86,274,793","$10,301,706",11.9%,"$75,973,087",88.1%
64,Zodiac,"$84,785,914","$33,080,084",39%,"$51,705,830",61%
65,Premonition,"$84,146,832","$47,852,604",56.9%,"$36,294,228",43.1%
66,Hannibal Rising,"$82,169,884","$27,670,986",33.7%,"$54,498,898",66.3%
67,Hot Fuzz,"$80,743,363","$23,637,265",29.3%,"$57,106,098",70.7%
68,Halloween,"$80,460,948","$58,272,029",72.4%,"$22,188,919",27.6%
69,The Orphanage,"$78,638,987","$7,161,284",9.1%,"$71,477,703",90.9%
70,The Number 23,"$77,677,553","$35,193,167",45.3%,"$42,484,386",54.7%
71,Next,"$77,621,983","$18,211,013",23.5%,"$59,410,970",76.5%
72,There Will Be Blood,"$76,181,545","$40,222,514",52.8%,"$35,959,031",47.2%
73,Elizabeth: The Golden Age,"$75,782,758","$16,383,509",21.6%,"$59,399,249",78.4%
74,30 Days of Night,"$75,513,170","$39,569,000",52.4%,"$35,944,170",47.6%
75,Stomp the Yard,"$75,511,123","$61,356,221",81.3%,"$14,154,902",18.7%
76,Dragon Wars: D-War,"$75,108,817","$10,977,721",14.6%,"$64,131,096",85.4%
77,The Kite Runner,"$75,011,029","$15,800,078",21.1%,"$59,210,951",78.9%
78,Perfect Stranger,"$73,534,117","$23,984,949",32.6%,"$49,549,168",67.4%
79,License to Wed,"$70,181,325","$43,799,818",62.4%,"$26,381,507",37.6%
80,3:10 to Yuma,"$70,016,220","$53,606,916",76.6%,"$16,409,304",23.4%
81,The Brave One,"$69,787,394","$36,793,804",52.7%,"$32,993,590",47.3%
82,Because I Said So,"$69,485,490","$42,674,040",61.4%,"$26,811,450",38.6%
83,Mr. Magorium's Wonder Emporium,"$69,474,661","$32,061,555",46.1%,"$37,413,106",53.9%
84,Dan in Real Life,"$68,471,669","$47,642,963",69.6%,"$20,828,706",30.4%
85,"Lust, Caution","$67,091,915","$4,604,982",6.9%,"$62,486,933",93.1%
86,August Rush,"$66,122,026","$31,664,162",47.9%,"$34,457,864",52.1%
87,Underdog,"$65,270,477","$43,760,605",67%,"$21,509,872",33%
88,28 Weeks Later,"$65,048,678","$28,638,916",44%,"$36,409,762",56%
89,Lions for Lambs,"$64,811,540","$15,002,854",23.1%,"$49,808,686",76.9%
90,The Reaping,"$62,771,059","$25,126,214",40%,"$37,644,845",60%
91,Good Luck Chuck,"$59,768,495","$35,017,297",58.6%,"$24,751,198",41.4%
92,Are We Done Yet?,"$58,388,068","$49,662,533",85.1%,"$8,725,535",14.9%
93,The Mist,"$57,470,220","$25,594,957",44.5%,"$31,875,263",55.5%
94,Smokin' Aces,"$57,232,879","$35,787,686",62.5%,"$21,445,193",37.5%
95,Into the Wild,"$56,674,477","$18,354,356",32.4%,"$38,320,121",67.6%
96,Eastern Promises,"$56,106,607","$17,266,000",30.8%,"$38,840,607",69.2%
97,Why Did I Get Married?,"$55,862,886","$55,204,525",98.8%,"$658,361",1.2%
98,We Own the Night,"$55,033,767","$28,563,179",51.9%,"$26,470,588",48.1%
99,The Messengers,"$55,010,659","$35,374,833",64.3%,"$19,635,826",35.7%
100,Sea Monsters: A Prehistoric Adventure,"$50,652,463","$23,746,066",46.9%,"$26,906,397",53.1%
101,This Christmas,"$49,778,552","$49,121,934",98.7%,"$656,618",1.3%
102,Mr. Brooks,"$48,443,734","$28,549,298",58.9%,"$19,894,436",41.1%
103,The Nanny Diaries,"$47,817,020","$25,930,652",54.2%,"$21,886,368",45.8%
104,Death at a Funeral,"$46,789,413","$8,580,428",18.3%,"$38,208,985",81.7%
105,Freedom Writers,"$43,095,175","$36,605,602",84.9%,"$6,489,573",15.1%
106,The Warlords,"$42,883,181","$129,078",0.3%,"$42,754,103",99.7%
107,Balls of Fury,"$41,739,111","$32,886,940",78.8%,"$8,852,171",21.2%
108,Breach,"$40,953,935","$33,231,264",81.1%,"$7,722,671",18.9%
109,War,"$40,481,352","$22,486,409",55.5%,"$17,994,943",44.5%
110,The Invasion,"$40,170,558","$15,074,191",37.5%,"$25,096,367",62.5%
111,Om Shanti Om,"$39,990,809","$3,597,372",9%,"$36,393,437",91%
112,Happily N'Ever After,"$38,085,778","$15,589,393",40.9%,"$22,496,385",59.1%
113,The Hills Have Eyes 2,"$37,697,773","$20,804,166",55.2%,"$16,893,607",44.8%
114,Becoming Jane,"$37,407,812","$18,670,946",49.9%,"$18,736,866",50.1%
115,Sicko,"$36,093,504","$24,540,079",68%,"$11,553,425",32%
116,Hostel: Part II,"$35,728,183","$17,609,452",49.3%,"$18,118,731",50.7%
117,Vacancy,"$35,442,935","$19,363,565",54.6%,"$16,079,370",45.4%
118,The Darjeeling Limited,"$35,307,949","$11,902,715",33.7%,"$23,405,234",66.3%
119,Sunshine,"$34,806,360","$3,675,753",10.6%,"$31,130,607",89.4%
120,Gone Baby Gone,"$34,612,443","$20,292,962",58.6%,"$14,319,481",41.4%
121,Mr. Woodcock,"$33,683,200","$25,799,486",76.6%,"$7,883,714",23.4%
122,"Run, Fat Boy, Run","$33,463,522","$6,003,262",17.9%,"$27,460,260",82.1%
123,Awake,"$32,730,062","$14,377,198",43.9%,"$18,352,864",56.1%
124,88 Minutes,"$32,593,385","$17,213,467",52.8%,"$15,379,918",47.2%
125,Alpha Dog,"$32,351,125","$15,309,602",47.3%,"$17,041,523",52.7%
126,Amazing Grace,"$32,120,360","$21,250,683",66.2%,"$10,869,677",33.8%
127,The Seeker: The Dark Is Rising,"$31,852,619","$8,794,452",27.6%,"$23,058,167",72.4%
128,Daddy's Little Girls,"$31,609,243","$31,366,978",99.2%,"$242,265",0.8%
129,Love in the Time of Cholera,"$31,575,877","$4,607,608",14.6%,"$26,968,269",85.4%
130,Pathfinder,"$30,984,583","$10,232,081",33%,"$20,752,502",67%
131,Nancy Drew,"$30,666,930","$25,612,520",83.5%,"$5,054,410",16.5%
132,The Great Debaters,"$30,236,407","$30,236,407",100%,-,-
133,In the Valley of Elah,"$29,541,790","$6,777,741",22.9%,"$22,764,049",77.1%
134,Across the Universe,"$29,367,143","$24,343,673",82.9%,"$5,023,470",17.1%
135,The Last Mimzy,"$27,308,918","$21,471,047",78.6%,"$5,837,871",21.4%
136,Shoot 'Em Up,"$27,122,238","$12,807,139",47.2%,"$14,315,099",52.8%
137,Rendition,"$27,066,382","$9,736,045",36%,"$17,330,337",64%
138,The Invisible,"$26,810,113","$20,578,909",76.8%,"$6,231,204",23.2%
139,Mongol: The Rise of Genghis Khan,"$26,527,510","$5,705,761",21.5%,"$20,821,749",78.5%
140,Bratz,"$26,013,153","$10,010,209",38.5%,"$16,002,944",61.5%
141,Grindhouse,"$25,422,088","$25,037,897",98.5%,"$384,191",1.5%
142,The Hitcher,"$25,399,945","$16,472,961",64.9%,"$8,926,984",35.1%
143,The Last Legion,"$25,303,038","$5,933,494",23.4%,"$19,369,544",76.6%
144,Before the Devil Knows You're Dead,"$25,037,657","$7,084,227",28.3%,"$17,953,430",71.7%
145,Georgia Rule,"$25,000,167","$19,103,072",76.4%,"$5,897,095",23.6%
146,Guru,"$24,108,727","$2,096,000",8.7%,"$22,012,727",91.3%
147,Partner,"$23,968,620","$1,062,840",4.4%,"$22,905,780",95.6%
148,Persepolis,"$22,783,978","$4,445,756",19.5%,"$18,338,222",80.5%
149,Cassandra's Dream,"$22,686,378","$973,018",4.3%,"$21,713,360",95.7%
150,Dead Silence,"$22,382,047","$16,809,076",75.1%,"$5,572,971",24.9%
151,Reign Over Me,"$22,242,388","$19,661,987",88.4%,"$2,580,401",11.6%
152,Waitress,"$22,240,529","$19,074,800",85.8%,"$3,165,729",14.2%
153,Reno 911!: Miami,"$22,021,262","$20,342,161",92.4%,"$1,679,101",7.6%
154,My Blueberry Nights,"$22,007,671","$867,275",3.9%,"$21,140,396",96.1%
155,Like Stars on Earth,"$21,897,373","$1,223,869",5.6%,"$20,673,504",94.4%
156,Chak de! India,"$21,505,244","$1,120,404",5.2%,"$20,384,840",94.8%
157,Penelope,"$21,156,270","$10,011,996",47.3%,"$11,144,274",52.7%
158,Once,"$20,936,722","$9,439,923",45.1%,"$11,496,799",54.9%
159,Walk Hard: The Dewey Cox Story,"$20,576,198","$18,317,151",89%,"$2,259,047",11%
160,The Namesake,"$20,354,321","$13,569,248",66.7%,"$6,785,073",33.3%
161,Evening,"$20,016,753","$12,492,481",62.4%,"$7,524,272",37.6%
162,The Diving Bell and the Butterfly,"$19,780,116","$6,003,227",30.3%,"$13,776,889",69.7%
163,2 Days in Paris,"$19,776,159","$4,433,994",22.4%,"$15,342,165",77.6%
164,Bhool Bhulaiyaa,"$19,073,095","$1,097,797",5.8%,"$17,975,298",94.2%
165,A Mighty Heart,"$19,008,745","$9,176,787",48.3%,"$9,831,958",51.7%
166,The Counterfeiters,"$18,814,713","$5,488,570",29.2%,"$13,326,143",70.8%
167,My Love,"$18,513,120","$885,574",4.8%,"$17,627,546",95.2%
168,Daddy Day Camp,"$18,197,398","$13,235,267",72.7%,"$4,962,131",27.3%
169,The Edge of Heaven,"$17,804,565","$742,349",4.2%,"$17,062,216",95.8%
170,In the Land of Women,"$17,562,071","$11,052,958",62.9%,"$6,509,113",37.1%
171,Firehouse Dog,"$17,384,424","$13,932,383",80.1%,"$3,452,041",19.9%
172,Death Sentence,"$16,974,459","$9,534,258",56.2%,"$7,440,201",43.8%
173,A Secret,"$16,494,522","$623,558",3.8%,"$15,870,964",96.2%
174,Evangelion: 1.0 You Are (Not) Alone,"$16,283,819","$107,797",0.7%,"$16,176,022",99.3%
175,Catch and Release,"$16,161,742","$15,539,051",96.1%,"$622,691",3.9%
176,The Nightmare Before Christmas 2008 3D Release,"$15,894,421","$14,486,897",91.1%,"$1,407,524",8.9%
177,Primeval,"$15,291,277","$10,597,734",69.3%,"$4,693,543",30.7%
178,Namastey London,"$15,273,747","$1,207,007",7.9%,"$14,066,740",92.1%
179,Ta Ra Rum Pum,"$15,242,548","$872,643",5.7%,"$14,369,905",94.3%
180,The Assassination of Jesse James by the Coward Robert Ford,"$15,001,776","$3,909,149",26.1%,"$11,092,627",73.9%
181,The Secret of the Grain,"$14,776,783","$86,356",0.6%,"$14,690,427",99.4%
182,Katyn,"$14,768,451","$118,095",0.8%,"$14,650,356",99.2%
183,Elite Squad,"$14,759,148","$8,744",<0.1%,"$14,750,404",99.9%
184,The Band's Visit,"$14,587,587","$3,054,457",20.9%,"$11,533,130",79.1%
185,Hot Rod,"$14,353,654","$13,938,332",97.1%,"$415,322",2.9%
186,Caramel,"$14,248,749","$1,055,580",7.4%,"$13,193,169",92.6%
187,Heyy Babyy,"$13,921,302","$1,443,521",10.4%,"$12,477,781",89.6%
188,Sydney White,"$13,620,075","$11,892,415",87.3%,"$1,727,660",12.7%
189,The Comebacks,"$13,539,154","$13,349,927",98.6%,"$189,227",1.4%
190,I Think I Love My Wife,"$13,369,768","$12,550,605",93.9%,"$819,163",6.1%
191,In the Name of the King: A Dungeon Siege Tale,"$13,097,915","$4,775,656",36.5%,"$8,322,259",63.5%
192,My Brother Is an Only Child,"$12,894,062","$255,620",2%,"$12,638,442",98%
193,A Tribute to Love,"$12,552,605","$1,852,050",14.8%,"$10,700,555",85.2%
194,Bella,"$12,083,296","$8,070,537",66.8%,"$4,012,759",33.2%
195,Jhoom Barabar Jhoom,"$11,905,018","$695,157",5.8%,"$11,209,861",94.2%
196,I'm Not There,"$11,664,116","$4,017,609",34.4%,"$7,646,507",65.6%
197,Wedding Daze,"$11,492,406",-,-,"$11,492,406",100%
198,Lars and the Real Girl,"$11,293,663","$5,972,884",52.9%,"$5,320,779",47.1%
199,Genghis Khan: To the Ends of the Earth and Sea,"$11,167,501","$3,892",<0.1%,"$11,163,609",100%
200,The Astronaut Farmer,"$11,130,889","$11,003,643",98.9%,"$127,246",1.1%
201,Dhamaal,"$11,077,541","$166,339",1.5%,"$10,911,202",98.5%
202,Captivity,"$10,921,200","$2,626,800",24.1%,"$8,294,400",75.9%
203,Black Snake Moan,"$10,907,485","$9,396,870",86.2%,"$1,510,615",13.8%
204,Molière,"$10,878,867","$635,733",5.8%,"$10,243,134",94.2%
205,The Savages,"$10,653,221","$6,623,082",62.2%,"$4,030,139",37.8%
206,Irina Palm,"$10,610,594","$44,383",0.4%,"$10,566,211",99.6%
207,Code Name: The Cleaner,"$10,337,477","$8,135,024",78.7%,"$2,202,453",21.3%
208,"4 Months, 3 Weeks and 2 Days","$10,174,839","$1,198,208",11.8%,"$8,976,631",88.2%
209,I Know Who Killed Me,"$9,669,758","$7,498,716",77.5%,"$2,171,042",22.5%
210,I Could Never Be Your Woman,"$9,576,495",-,-,"$9,576,495",100%
211,Journey of a Woman,"$9,354,562","$675,102",7.2%,"$8,679,460",92.8%
212,Martian Child,"$9,351,744","$7,500,310",80.2%,"$1,851,434",19.8%
213,Shootout at Lokhandwala,"$9,291,694","$289,232",3.1%,"$9,002,462",96.9%
214,Away from Her,"$9,194,283","$4,571,521",49.7%,"$4,622,762",50.3%
215,Cheeni Kum,"$9,178,465","$697,369",7.6%,"$8,481,096",92.4%
216,Delta Farce,"$8,729,473","$8,130,530",93.1%,"$598,943",6.9%
217,Eklavya: The Royal Guard,"$8,707,875","$1,290,212",14.8%,"$7,417,663",85.2%
218,The Condemned,"$8,642,858","$7,371,706",85.3%,"$1,271,152",14.7%
219,Things We Lost in the Fire,"$8,591,255","$3,287,315",38.3%,"$5,303,940",61.7%
220,A Girl Cut in Two,"$8,488,537","$409,658",4.8%,"$8,078,879",95.2%
221,Lucky You,"$8,461,686","$5,758,950",68.1%,"$2,702,736",31.9%
222,Bordertown,"$8,329,799",-,-,"$8,329,799",100%
223,Redline,"$8,267,379","$6,881,022",83.2%,"$1,386,357",16.8%
224,This Is England,"$8,176,544","$329,379",4%,"$7,847,165",96%
225,Control,"$8,159,508","$872,252",10.7%,"$7,287,256",89.3%
226,Bug,"$8,059,140","$7,025,810",87.2%,"$1,033,330",12.8%
227,Counter Investigation,"$8,029,345","$11,846",0.1%,"$8,017,499",99.9%
228,Silk,"$7,965,682","$1,103,075",13.8%,"$6,862,607",86.2%
229,El cantante,"$7,911,532","$7,556,712",95.5%,"$354,820",4.5%
230,Goal II: Living the Dream,"$7,864,905","$225,067",2.9%,"$7,639,838",97.1%
231,P2,"$7,766,240","$3,995,018",51.4%,"$3,771,222",48.6%
232,The Hunting Party,"$7,644,409","$969,869",12.7%,"$6,674,540",87.3%
233,12,"$7,537,453","$125,120",1.7%,"$7,412,333",98.3%
234,Cash,"$7,481,601",-,-,"$7,481,601",100%
235,Dhan Dhana Dhan Goal,"$7,415,972","$125,547",1.7%,"$7,290,425",98.3%
236,Rescue Dawn,"$7,177,143","$5,490,423",76.5%,"$1,686,720",23.5%
237,The Jane Austen Book Club,"$7,163,566","$3,575,227",49.9%,"$3,588,339",50.1%
238,The Flock,"$7,155,358",-,-,"$7,155,358",100%
239,Pride,"$7,094,650","$7,057,600",99.5%,"$37,050",0.5%
240,One Piece: Episode of Alabasta - The Desert Princess and the Pirates,"$7,090,891","$6,587",<0.1%,"$7,084,304",99.9%
241,Days and Clouds,"$6,966,224","$112,102",1.6%,"$6,854,122",98.4%
242,Ladrón que roba a ladrón,"$6,875,089","$4,011,254",58.3%,"$2,863,835",41.7%
243,Flawless,"$6,819,587","$1,200,234",17.6%,"$5,619,353",82.4%
244,Aaja Nachle,"$6,773,493","$484,108",7.1%,"$6,289,385",92.9%
245,Midnight Eagle,"$6,522,186","$7,116",0.1%,"$6,515,070",99.9%
246,Feel the Noise,"$6,451,106","$5,898,393",91.4%,"$552,713",8.6%
247,Goodbye Bafana,"$6,317,170",-,-,"$6,317,170",100%
248,Life in a Metro,"$6,316,418","$150,212",2.4%,"$6,166,206",97.6%
249,Blood and Chocolate,"$6,311,117","$3,526,847",55.9%,"$2,784,270",44.1%
250,Flash Point,"$6,177,725","$5,151",<0.1%,"$6,172,574",99.9%
251,The Perfect Holiday,"$5,812,781","$5,812,781",100%,-,-
252,Feast of Love,"$5,741,608","$3,511,074",61.2%,"$2,230,534",38.8%
253,Who's Your Caddy?,"$5,713,425","$5,713,425",100%,-,-
254,The Contract,"$5,549,200",-,-,"$5,549,200",100%
255,Aqua Teen Hunger Force Colon Movie Film for Theaters,"$5,520,368","$5,520,368",100%,-,-
256,The Lookout,"$5,371,181","$4,600,585",85.7%,"$770,596",14.3%
257,Whisper,"$5,285,197",-,-,"$5,285,197",100%
258,The Ex,"$5,178,640","$3,093,394",59.7%,"$2,085,246",40.3%
259,The Grocer's Son,"$5,095,496","$264,889",5.2%,"$4,830,607",94.8%
260,Shrooms,"$4,954,621","$2,863",<0.1%,"$4,951,758",99.9%
261,Black Sheep,"$4,947,717","$84,283",1.7%,"$4,863,434",98.3%
262,Sleuth,"$4,889,751","$342,895",7%,"$4,546,856",93%
263,Roman de gare,"$4,841,132","$1,852,764",38.3%,"$2,988,368",61.7%
264,Talk to Me,"$4,778,376","$4,533,261",94.9%,"$245,115",5.1%
265,Kickin' It Old Skool,"$4,692,108","$4,502,604",96%,"$189,504",4%
266,Rogue,"$4,631,926","$10,452",0.2%,"$4,621,474",99.8%
267,Paranoid Park,"$4,545,747","$486,767",10.7%,"$4,058,980",89.3%
268,Day Watch 2007 Re-release,"$4,506,717","$450,897",10%,"$4,055,820",90%
269,It's a Wonderful Life 2007 Re-release,"$4,163,338",-,-,"$4,163,338",100%
270,The Abandoned,"$4,153,578","$1,331,137",32%,"$2,822,441",68%
271,Gracie,"$3,826,568","$2,956,339",77.3%,"$870,229",22.7%
272,Brick Lane,"$3,794,592","$1,095,398",28.9%,"$2,699,194",71.1%
273,Nitro,"$3,780,889","$3,768,878",99.7%,"$12,011",0.3%
274,You Kill Me,"$3,748,295","$2,429,367",64.8%,"$1,318,928",35.2%
275,Ten Stories,"$3,526,678","$219,071",6.2%,"$3,307,607",93.8%
276,The Ultimate Gift,"$3,438,735","$3,438,735",100%,-,-
277,Days of Darkness,"$3,414,681","$1,491,525",43.7%,"$1,923,156",56.3%
278,Skinwalkers,"$3,269,736","$1,018,965",31.2%,"$2,250,771",68.8%
279,Peaceful Warrior 2007 Re-release,"$3,260,179","$2,893,666",88.8%,"$366,513",11.2%
280,Resurrecting the Champ,"$3,243,064","$3,172,573",97.8%,"$70,491",2.2%
281,Mother of Tears,"$3,119,957","$58,669",1.9%,"$3,061,288",98.1%
282,Illegal Tender,"$3,106,835","$3,106,835",100%,-,-
283,Provoked: A True Story,"$3,078,709","$761,740",24.7%,"$2,316,969",75.3%
284,The Witnesses,"$3,041,093","$78,440",2.6%,"$2,962,653",97.4%
285,Love Songs,"$2,966,934","$104,567",3.5%,"$2,862,367",96.5%
286,Shall We Kiss?,"$2,936,437","$535,499",18.2%,"$2,400,938",81.8%
287,Margot at the Wedding,"$2,900,156","$1,959,420",67.6%,"$940,736",32.4%
288,Rise: Blood Hunter,"$2,850,927","$114,306",4%,"$2,736,621",96%
289,"My Daughter, My Angel","$2,780,005","$2,779,545",100%,$460,<0.1%
290,When Did You Last See Your Father?,"$2,752,471","$1,077,273",39.1%,"$1,675,198",60.9%
291,Ben X,"$2,744,414","$1,601",<0.1%,"$2,742,813",99.9%
292,XXY,"$2,728,869","$48,334",1.8%,"$2,680,535",98.2%
293,Sukiyaki Western Django,"$2,725,258","$50,659",1.9%,"$2,674,599",98.1%
294,Nishabd,"$2,655,669","$73,819",2.8%,"$2,581,850",97.2%
295,Youth Without Youth,"$2,624,759","$244,397",9.3%,"$2,380,362",90.7%
296,The Air I Breathe,"$2,597,648","$25,775",1%,"$2,571,873",99%
297,City of Men,"$2,589,732","$325,131",12.6%,"$2,264,601",87.4%
298,The Polar Express 2007 IMAX Release,"$2,574,903","$2,483,757",96.5%,"$91,146",3.5%
299,Tuya's Marriage,"$2,476,766","$88,148",3.6%,"$2,388,618",96.4%
300,The Marsh,"$2,408,452",$336,<0.1%,"$2,408,116",100%
301,Cashback,"$2,294,291","$25,343",1.1%,"$2,268,948",98.9%
302,"Romulus, My Father","$2,234,889","$4,283",0.2%,"$2,230,606",99.8%
303,Blade Runner The Final Cut (2007 re-release),"$2,217,175","$1,548,502",69.8%,"$668,673",30.2%
304,In the Shadow of the Moon,"$2,161,369","$1,134,358",52.5%,"$1,027,011",47.5%
305,Mad Detective,"$2,160,790","$4,629",0.2%,"$2,156,161",99.8%
306,Hallam Foe,"$2,149,799","$60,641",2.8%,"$2,089,158",97.2%
307,Introducing the Dwights,"$2,003,304","$379,408",18.9%,"$1,623,896",81.1%
308,"Gandhi, My Father","$1,983,906","$242,967",12.2%,"$1,740,939",87.8%
309,Broken English,"$1,944,150","$956,919",49.2%,"$987,231",50.8%
310,Hattrick,"$1,911,270","$24,502",1.3%,"$1,886,768",98.7%
311,Am Limit,"$1,909,568","$18,254",1%,"$1,891,314",99%
312,Arctic Tale,"$1,864,636","$833,532",44.7%,"$1,031,104",55.3%
313,"You, the Living","$1,840,899","$21,438",1.2%,"$1,819,461",98.8%
314,The Last Mistress,"$1,831,577","$785,671",42.9%,"$1,045,906",57.1%
315,Slow Burn,"$1,797,256","$1,237,615",68.9%,"$559,641",31.1%
316,Reservation Road,"$1,783,226","$121,994",6.8%,"$1,661,232",93.2%
317,O'Horten,"$1,778,791","$302,232",17%,"$1,476,559",83%
318,Pledge This!,"$1,751,490",-,-,"$1,751,490",100%
319,Sharkwater,"$1,658,393","$850,920",51.3%,"$807,473",48.7%
320,Withnail & I,"$1,627,318","$1,544,889",94.9%,"$82,429",5.1%
321,Black Friday,"$1,610,897","$35,000",2.2%,"$1,575,897",97.8%
322,Year of the Dog,"$1,606,237","$1,540,141",95.9%,"$66,096",4.1%
323,The Year My Parents Went on Vacation 2007 Re-release,"$1,605,366","$807,117",50.3%,"$798,249",49.7%
324,Bra Boys,"$1,582,036","$155,056",9.8%,"$1,426,980",90.2%
325,Nanking,"$1,566,248","$161,182",10.3%,"$1,405,066",89.7%
326,Blonde Ambition,"$1,530,479","$6,422",0.4%,"$1,524,057",99.6%
327,Trade,"$1,455,890","$214,307",14.7%,"$1,241,583",85.3%
328,Interview,"$1,455,393","$416,951",28.6%,"$1,038,442",71.4%
329,No End in Sight,"$1,433,319","$1,433,319",100%,-,-
330,Savage Grace,"$1,432,799","$435,746",30.4%,"$997,053",69.6%
331,Thr3e,"$1,420,418","$1,008,849",71%,"$411,569",29%
332,Griffin & Phoenix,"$1,355,967",-,-,"$1,355,967",100%
333,Lost in Beijing,"$1,350,967","$11,163",0.8%,"$1,339,804",99.2%
334,An American Crime,"$1,306,875",-,-,"$1,306,875",100%
335,Eagle vs Shark,"$1,298,037","$221,846",17.1%,"$1,076,191",82.9%
336,Buddha Mar Gaya,"$1,284,490","$18,528",1.4%,"$1,265,962",98.6%
337,The Flying Scotsman,"$1,260,553","$171,817",13.6%,"$1,088,736",86.4%
338,Dark Blue Almost Black 2007 Re-release,"$1,239,969","$6,646",0.5%,"$1,233,323",99.5%
339,Sex and Death 101,"$1,229,330","$23,624",1.9%,"$1,205,706",98.1%
340,Seraphim Falls,"$1,220,058","$418,296",34.3%,"$801,762",65.7%
341,Joe Strummer: The Future Is Unwritten,"$1,193,491","$248,362",20.8%,"$945,129",79.2%
342,The Violin,"$1,186,247","$65,298",5.5%,"$1,120,949",94.5%
343,December Boys,"$1,175,579","$50,715",4.3%,"$1,124,864",95.7%
344,Vexille,"$1,170,351","$3,259",0.3%,"$1,167,092",99.7%
345,The Final Season,"$1,159,691","$1,159,691",100%,-,-
346,Fraude: México 2006,"$1,115,939","$3,637",0.3%,"$1,112,302",99.7%
347,Terror's Advocate,"$1,086,656","$47,724",4.4%,"$1,038,932",95.6%
348,Grace Is Gone,"$1,080,022","$50,899",4.7%,"$1,029,123",95.3%
349,September Dawn,"$1,066,555","$1,066,555",100%,-,-
350,The Ten Commandments,"$1,051,907","$952,820",90.6%,"$99,087",9.4%
351,King of California,"$1,045,786","$268,461",25.7%,"$777,325",74.3%
352,The Brothers Solomon,"$1,035,056","$900,926",87%,"$134,130",13%
353,The Bubble,"$1,029,926","$157,121",15.3%,"$872,805",84.7%
354,Ma tante Aline,"$1,025,852","$1,025,852",100%,-,-
355,Perfect Creature,"$1,012,639",-,-,"$1,012,639",100%
356,Yella,"$999,588","$30,647",3.1%,"$968,941",96.9%
357,The 11th Hour,"$985,207","$707,343",71.8%,"$277,864",28.2%
358,The Duchess of Langeais,"$982,795","$282,749",28.8%,"$700,046",71.2%
359,Eight Miles High,"$957,744","$2,616",0.3%,"$955,128",99.7%
360,Paprika,"$944,915","$882,267",93.4%,"$62,648",6.6%
361,Gray Matters,"$944,479","$71,561",7.6%,"$872,918",92.4%
362,Jellyfish,"$910,314","$341,221",37.5%,"$569,093",62.5%
363,Starting Out in the Evening,"$898,786","$898,786",100%,-,-
364,After Dark's Horrorfest 2,"$874,635","$874,635",100%,-,-
365,Sarah Landon and the Paranormal Hour,"$858,415","$858,415",100%,-,-
366,Silent Light,"$851,621","$60,200",7.1%,"$791,421",92.9%
367,Alone with Her,"$844,377","$10,787",1.3%,"$833,590",98.7%
368,Blind Dating,"$834,457","$90,560",10.9%,"$743,897",89.1%
369,Santa vs. the Snowman 3D 2007 Re-release,"$792,252","$769,405",97.1%,"$22,847",2.9%
370,The King of Kong: A Fistful of Quarters,"$790,128","$677,914",85.8%,"$112,214",14.2%
371,The Ten,"$785,528","$769,726",98%,"$15,802",2%
372,The Wedding Weekend 2007 Re-release,"$785,292","$21,908",2.8%,"$763,384",97.2%
373,Redacted,"$782,102","$65,388",8.4%,"$716,714",91.6%
374,Rocket Science,"$759,676","$714,943",94.1%,"$44,733",5.9%
375,How About You,"$754,184","$78,234",10.4%,"$675,950",89.6%
376,Joshua,"$719,968","$482,355",67%,"$237,613",33%
377,Outsourced,"$703,324","$163,561",23.3%,"$539,763",76.7%
378,Christmas in Wonderland,"$694,509",$689,<0.1%,"$693,820",99.9%
379,Heartbeat Detector,"$692,575","$5,309",0.8%,"$687,266",99.2%
380,Mama's Boy,"$688,145",-,-,"$688,145",100%
381,Never Forever,"$687,229","$14,485",2.1%,"$672,744",97.9%
382,Timber Falls,"$680,299",-,-,"$680,299",100%
383,My Mexican Shivah,"$666,553","$13,042",2%,"$653,511",98%
384,Delirious,"$659,589","$86,460",13.1%,"$573,129",86.9%
385,Journey from the Fall,"$648,483","$641,039",98.9%,"$7,444",1.1%
386,Shortcut to Happiness,"$605,294",-,-,"$605,294",100%
387,The Walker,"$590,416","$79,698",13.5%,"$510,718",86.5%
388,Fados,"$574,044","$129,150",22.5%,"$444,894",77.5%
389,Sangre de mi sangre,"$565,024","$55,730",9.9%,"$509,294",90.1%
390,Ira & Abby,"$563,611","$221,096",39.2%,"$342,515",60.8%
391,Naissance des pieuvres,"$554,770","$85,440",15.4%,"$469,330",84.6%
392,Private Property,"$545,473","$62,897",11.5%,"$482,576",88.5%
393,Boarding Gate,"$545,436","$49,333",9%,"$496,103",91%
394,Honeydripper,"$544,925","$267,880",49.2%,"$277,045",50.8%
395,The Good Night,"$508,084","$22,441",4.4%,"$485,643",95.6%
396,Full of It,"$486,722","$14,273",2.9%,"$472,449",97.1%
397,10 Questions for the Dalai Lama,"$484,487","$224,546",46.3%,"$259,941",53.7%
398,When the Road Bends... Tales of a Gypsy Caravan,"$469,507","$442,936",94.3%,"$26,571",5.7%
399,Alexandra,"$460,139","$128,222",27.9%,"$331,917",72.1%
400,Brooklyn Rules,"$458,232","$458,232",100%,-,-
401,Wristcutters: A Love Story,"$454,026","$446,165",98.3%,"$7,861",1.7%
402,Revolver 2007 Re-release,"$428,620","$84,738",19.8%,"$343,882",80.2%
403,The Singing Revolution,"$426,855","$426,855",100%,-,-
404,Fido,"$426,224","$304,533",71.4%,"$121,691",28.6%
405,Strength and Honour,"$418,721","$51,933",12.4%,"$366,788",87.6%
406,Killer of Sheep,"$416,509","$404,508",97.1%,"$12,001",2.9%
407,Bobby Z,"$413,454",-,-,"$413,454",100%
408,Mafioso,"$400,019","$400,019",100%,-,-
409,The Last Sin Eater,"$388,390","$388,390",100%,-,-
410,First Snow,"$382,267","$214,864",56.2%,"$167,403",43.8%
411,Southland Tales,"$374,743","$275,380",73.5%,"$99,363",26.5%
412,How to Cook Your Life,"$373,727","$87,370",23.4%,"$286,357",76.6%
413,Blindsight,"$366,247","$89,169",24.3%,"$277,078",75.7%
414,Crazy Love,"$357,659","$301,027",84.2%,"$56,632",15.8%
415,Bab'Aziz: The Prince That Contemplated His Soul,"$353,119","$89,672",25.4%,"$263,447",74.6%
416,Manufactured Landscapes,"$349,220","$240,239",68.8%,"$108,981",31.2%
417,The 2006 Academy Award Nominated Short Films: Live Action,"$335,090","$335,090",100%,-,-
418,Steep,"$318,763","$260,586",81.7%,"$58,177",18.3%
419,For the Bible Tells Me So,"$312,751","$312,751",100%,-,-
420,The Darwin Awards,"$309,408",-,-,"$309,408",100%
421,Constellation,"$306,533","$306,533",100%,-,-
422,Chalk,"$302,845","$302,845",100%,-,-
423,God Grew Tired of Us,"$301,447","$301,447",100%,-,-
424,Passage to Zarahemla,"$292,102","$292,102",100%,-,-
425,Wind Chill,"$285,060","$36,804",12.9%,"$248,256",87.1%
426,Brand Upon the Brain! A Remembrance in 12 Chapters,"$281,091","$263,200",93.6%,"$17,891",6.4%
427,Boy Culture,"$269,589","$220,409",81.8%,"$49,180",18.2%
428,The TV Set,"$265,198","$265,198",100%,-,-
429,My Kid Could Paint That,"$258,316","$231,574",89.6%,"$26,742",10.4%
430,Mrs. Worthington's Party,"$257,868","$257,868",100%,-,-
431,Dedication,"$250,182","$92,853",37.1%,"$157,329",62.9%
432,Half Moon,"$248,749","$2,528",1%,"$246,221",99%
433,Battle for Haditha,"$245,521","$10,310",4.2%,"$235,211",95.8%
434,I Don't Want to Sleep Alone,"$226,026","$19,292",8.5%,"$206,734",91.5%
435,Live-In Maid 2007 Re-release,"$224,836","$200,433",89.1%,"$24,403",10.9%
436,Surviving My Mother,"$223,000","$223,000",100%,-,-
437,Aida,"$222,927","$222,927",100%,-,-
438,Ghosts of Cité Soleil,"$218,444","$48,752",22.3%,"$169,692",77.7%
439,Pierrepoint: The Last Hangman 2007 Re-release,"$209,950","$23,192",11%,"$186,758",89%
440,Believe in Me,"$209,654","$209,654",100%,-,-
441,Hatchet,"$208,550","$175,281",84%,"$33,269",16%
442,A Man Named Pearl,"$208,392","$208,392",100%,-,-
443,I Have Never Forgotten You: The Life & Legacy of Simon Wiesenthal,"$204,167","$29,976",14.7%,"$174,191",85.3%
444,Milarepa,"$201,634","$151,114",74.9%,"$50,520",25.1%
445,What Would Jesus Buy?,"$200,010","$200,010",100%,-,-
446,I Want Someone to Eat Cheese With,"$194,568","$194,568",100%,-,-
447,Alice's House,"$193,531","$61,822",31.9%,"$131,709",68.1%
448,Drama/Mex,"$193,508","$8,628",4.5%,"$184,880",95.5%
449,Fay Grim,"$193,067","$126,714",65.6%,"$66,353",34.4%
450,Music Within,"$187,581","$154,087",82.1%,"$33,494",17.9%
451,The Sugar Curtain,"$185,058",$582,0.3%,"$184,476",99.7%
452,Americanizing Shelley,"$182,831","$128,024",70%,"$54,807",30%
453,The Inner Life of Martin Frost,"$179,443","$5,114",2.8%,"$174,329",97.2%
454,Smiley Face,"$179,381","$9,397",5.2%,"$169,984",94.8%
455,An Unreasonable Man,"$176,647","$176,647",100%,-,-
456,Hollywood Dreams,"$171,255","$171,255",100%,-,-
457,Shotgun Stories,"$168,237","$46,026",27.4%,"$122,211",72.6%
458,Holly,"$166,620","$166,620",100%,-,-
459,La strada di Levi,"$165,869","$22,026",13.3%,"$143,843",86.7%
460,Vanaja,"$161,590","$161,590",100%,-,-
461,Eden Log,"$157,350",-,-,"$157,350",100%
462,The Exterminating Angels,"$154,210","$23,308",15.1%,"$130,902",84.9%
463,ShowBusiness: The Road to Broadway,"$151,792","$151,792",100%,-,-
464,My Brother,"$150,487","$65,797",43.7%,"$84,690",56.3%
465,Becket,"$149,327","$149,327",100%,-,-
466,Postal,"$146,741",-,-,"$146,741",100%
467,Summer Palace,"$143,027","$63,045",44.1%,"$79,982",55.9%
468,The Salon,"$139,084","$139,084",100%,-,-
469,The List,"$138,814","$138,814",100%,-,-
470,War Dance,"$137,977","$115,210",83.5%,"$22,767",16.5%
471,The Hottest State,"$137,341","$31,216",22.7%,"$106,125",77.3%
472,The Devil Came on Horseback,"$134,495","$132,782",98.7%,"$1,713",1.3%
473,The Nines,"$130,880","$63,165",48.3%,"$67,715",51.7%
474,The Earrings of Madame De...,"$130,561","$130,561",100%,-,-
475,The Wendell Baker Story 2007 Re-release,"$127,414","$127,414",100%,-,-
476,Manda Bala (Send a Bullet),"$125,025","$122,905",98.3%,"$2,120",1.7%
477,Before I Forget,"$122,071","$27,611",22.6%,"$94,460",77.4%
478,David & Layla,"$120,750","$120,750",100%,-,-
479,Lagerfeld Confidential,"$120,643","$67,500",56%,"$53,143",44%
480,Jimmy Carter Man from Plains,"$119,263","$108,807",91.2%,"$10,456",8.8%
481,Darfur Now,"$113,398","$109,107",96.2%,"$4,291",3.8%
482,Even Money,"$111,974","$64,458",57.6%,"$47,516",42.4%
483,Arranged,"$111,731","$23,571",21.1%,"$88,160",78.9%
484,Puccini for Beginners,"$110,864","$89,464",80.7%,"$21,400",19.3%
485,Diva,"$110,014","$110,014",100%,-,-
486,Kurt Cobain About a Son,"$106,724","$87,016",81.5%,"$19,708",18.5%
487,King Corn,"$105,422","$105,422",100%,-,-
488,Tortilla Heaven,"$105,401","$105,401",100%,-,-
489,Mr. Untouchable,"$104,678","$104,678",100%,-,-
490,Islander,"$102,737","$102,737",100%,-,-
491,Return with Honor: A Missionary Homecoming,"$102,171","$102,171",100%,-,-
492,Civic Duty,"$102,070","$95,953",94%,"$6,117",6%
493,Québec sur ordonnance,"$101,896","$101,896",100%,-,-
494,Self Medicated,"$100,610","$100,610",100%,-,-
495,The Red Balloon / White Mane,"$97,959","$69,139",70.6%,"$28,820",29.4%
496,The Last Winter,"$97,522","$33,190",34%,"$64,332",66%
497,The Holy Mountain,"$95,858","$61,001",63.6%,"$34,857",36.4%
498,Adrift in Manhattan,"$90,272","$2,099",2.3%,"$88,173",97.7%
499,Pete Seeger: The Power of Song,"$88,312","$88,312",100%,-,-
500,He Was a Quiet Man,"$83,440","$2,431",2.9%,"$81,009",97.1%
501,The Treatment,"$83,354","$83,354",100%,-,-
502,Le Doulos,"$82,772","$82,772",100%,-,-
503,Air Guitar Nation,"$79,770","$71,471",89.6%,"$8,299",10.4%
504,Radiant City,"$78,944","$78,944",100%,-,-
505,Tears of the Black Tiger 2007 Re-release,"$75,234","$75,234",100%,-,-
506,Eye of the Dolphin,"$72,260","$72,210",99.9%,$50,<0.1%
507,Zoo,"$69,770","$69,770",100%,-,-
508,Behind the Mask: The Rise of Leslie Vernon,"$69,136","$69,136",100%,-,-
509,Diggers,"$66,517","$66,517",100%,-,-
510,Syndromes and a Century,"$64,453","$16,675",25.9%,"$47,778",74.1%
511,Mala Noche,"$62,743","$25,386",40.5%,"$37,357",59.5%
512,Vivere,"$61,658","$3,625",5.9%,"$58,033",94.1%
513,Maxed Out,"$58,829","$58,829",100%,-,-
514,Eleven Men Out 2007 Re-release,"$56,733","$1,000",1.8%,"$55,733",98.2%
515,The Amateurs 2007 Re-release,"$54,945","$16,334",29.7%,"$38,611",70.3%
516,Finishing the Game: The Search for a New Bruce Lee,"$53,219","$52,868",99.3%,$351,0.7%
517,The Killing of John Lennon,"$53,117","$6,975",13.1%,"$46,142",86.9%
518,Billy the Kid,"$52,823","$52,823",100%,-,-
519,Pierrot le Fou,"$52,640","$52,640",100%,-,-
520,The Willow Tree,"$51,499","$25,752",50%,"$25,747",50%
521,Amu,"$51,251","$51,251",100%,-,-
522,Transformation: The Life and Legacy of Werner Erhard,"$49,919","$49,919",100%,-,-
523,Fakers,"$49,880","$49,880",100%,-,-
524,Journey to the End of the Night,"$49,172",-,-,"$49,172",100%
525,Alice Neel,"$48,969","$48,969",100%,-,-
526,The Situation,"$48,896","$48,896",100%,-,-
527,The Cats of Mirikitani,"$48,483","$38,925",80.3%,"$9,558",19.7%
528,Dry Season,"$48,251","$3,303",6.8%,"$44,948",93.2%
529,The Hip Hop Project,"$46,208","$46,208",100%,-,-
530,Randy and the Mob,"$45,410","$45,410",100%,-,-
531,Altered,"$43,836",-,-,"$43,836",100%
532,Tekkonkinkreet,"$42,840","$6,000",14%,"$36,840",86%
533,White Palms,"$42,630",-,-,"$42,630",100%
534,Moving McAllister,"$42,538","$42,538",100%,-,-
535,Colma: The Musical,"$41,131","$41,131",100%,-,-
536,Canvas,"$41,010","$35,630",86.9%,"$5,380",13.1%
537,Yiddish Theater: A Love Story,"$40,182","$40,182",100%,-,-
538,Sea of Dreams 2007 Re-release,"$39,200","$39,200",100%,-,-
539,The Life of Reilly,"$38,960","$38,960",100%,-,-
540,Moondance Alexander,"$37,895","$37,895",100%,-,-
541,Khadak,"$37,781","$3,139",8.3%,"$34,642",91.7%
542,Back to Normandy,"$37,430",$503,1.3%,"$36,927",98.7%
543,Raising Flagg,"$37,329","$4,130",11.1%,"$33,199",88.9%
544,Blind Mountain,"$36,615","$13,164",36%,"$23,451",64%
545,Day Night Day Night,"$35,933","$31,856",88.7%,"$4,077",11.3%
546,Fighting Words,"$35,688","$35,688",100%,-,-
547,Bon Jovi: Lost Highway - The Concert,"$35,000","$35,000",100%,-,-
548,Your Mommy Kills Animals!,"$34,000","$34,000",100%,-,-
549,Itty Bitty Titty Committee,"$33,723","$18,445",54.7%,"$15,278",45.3%
550,Falling for Grace,"$33,060","$33,060",100%,-,-
551,Local Color,"$32,788","$32,788",100%,-,-
552,Controlled Chaos 2007 Re-release,"$32,740","$32,740",100%,-,-
553,Sacco and Vanzetti,"$32,203","$32,203",100%,-,-
554,Forever,"$31,502","$31,502",100%,-,-
555,Funny Money,"$31,290","$2,844",9.1%,"$28,446",90.9%
556,La Chinoise,"$30,857","$30,857",100%,-,-
557,My Faraway Bride,"$29,655",-,-,"$29,655",100%
558,Poisoned by Polonium: The Litvinenko File,"$29,467","$5,080",17.2%,"$24,387",82.8%
559,Metropolis 2007 Re-release,"$28,779","$28,779",100%,-,-
560,Sunflower,"$28,146","$23,919",85%,"$4,227",15%
561,Slipstream,"$27,769","$8,965",32.3%,"$18,804",67.7%
562,La león,"$27,765","$1,708",6.2%,"$26,057",93.8%
563,Gringo Wedding,"$26,946","$26,946",100%,-,-
564,Hood of Horror,"$25,900","$25,900",100%,-,-
565,Stephanie Daley,"$25,751","$25,751",100%,-,-
566,Naked Boys Singing!,"$25,526","$25,526",100%,-,-
567,Falling,"$25,484",$509,2%,"$24,975",98%
568,Lake of Fire,"$25,317","$25,317",100%,-,-
569,Badland,"$25,309","$1,924",7.6%,"$23,385",92.4%
570,Hannah Takes the Stairs,"$24,869","$22,815",91.7%,"$2,054",8.3%
571,Dreaming Lhasa,"$24,523","$21,504",87.7%,"$3,019",12.3%
572,I'll Believe You,"$24,110","$24,110",100%,-,-
573,Arnolds Park,"$23,616","$23,616",100%,-,-
574,The Sensation of Sight,"$23,457","$23,457",100%,-,-
575,Poultrygeist: Night of the Chicken Dead,"$22,623","$13,804",61%,"$8,819",39%
576,Rails & Ties,"$22,136","$22,136",100%,-,-
577,Great World of Sound,"$22,011","$22,011",100%,-,-
578,Czech Dream 2007 Re-release,"$21,603","$21,603",100%,-,-
579,Dr. Bronner's Magic Soapbox,"$21,579","$21,579",100%,-,-
580,Imaginary Witness: Hollywood and the Holocaust,"$21,507","$21,507",100%,-,-
581,The Tripper,"$20,840","$20,840",100%,-,-
582,Meeting Resistance,"$20,616","$20,616",100%,-,-
583,Crossing the Line,"$20,429","$9,258",45.3%,"$11,171",54.7%
584,Flying: Confessions of a Free Woman,"$20,157","$20,157",100%,-,-
585,Dirty Laundry,"$20,138","$20,138",100%,-,-
586,L'iceberg,"$19,789","$19,789",100%,-,-
587,Everything's Gone Green,"$19,373","$19,373",100%,-,-
588,Wild Tigers I Have Known,"$19,351","$9,946",51.4%,"$9,405",48.6%
589,City Lights 2007 Re-release,"$19,181","$19,181",100%,-,-
590,Steal a Pencil for Me,"$18,918","$18,918",100%,-,-
591,What Love Is,"$18,901","$18,901",100%,-,-
592,One to Another,"$18,435","$18,435",100%,-,-
593,My Brother's Wedding,"$17,197","$8,217",47.8%,"$8,980",52.2%
594,Seven Days,"$16,791","$16,791",100%,-,-
595,American Cannibal,"$16,566","$16,566",100%,-,-
596,Look,"$16,136","$16,136",100%,-,-
597,Quiet City,"$15,610","$15,610",100%,-,-
598,The Hawk Is Dying,"$15,285","$7,006",45.8%,"$8,279",54.2%
599,Descent,"$15,233","$15,233",100%,-,-
600,El inmigrante,"$15,100","$15,100",100%,-,-
601,Desert Bayou,"$14,350","$14,350",100%,-,-
602,And Then Came Love,"$13,944","$13,944",100%,-,-
603,Cut Sleeve Boys,"$13,875","$13,875",100%,-,-
604,Macbeth,"$13,870","$9,613",69.3%,"$4,257",30.7%
605,Protagonist,"$13,850","$13,850",100%,-,-
606,Live Free or Die,"$13,836","$13,836",100%,-,-
607,Love for Sale,"$13,703","$13,703",100%,-,-
608,Skid Marks,"$12,959","$12,959",100%,-,-
609,Rock Bottom,"$12,890","$12,890",100%,-,-
610,Cobra Verde,"$12,702","$12,702",100%,-,-
611,China Blue,"$12,185","$12,185",100%,-,-
612,What the Snow Brings,"$12,113","$4,816",39.8%,"$7,297",60.2%
613,Vengeance Is Mine,"$11,891","$11,891",100%,-,-
614,Blockade,"$11,750","$11,750",100%,-,-
615,Angels in the Dust,"$11,606","$11,606",100%,-,-
616,East of Havana,"$11,550","$11,550",100%,-,-
617,Whole New Thing,"$11,445","$11,445",100%,-,-
618,Strafsache 4 Ks 2/63 - Auschwitz vor dem Frankfurter Schwurgericht,"$11,396","$11,396",100%,-,-
619,Fat Girls,"$11,204","$11,204",100%,-,-
620,The Unknown Soldier,"$10,907","$9,602",88%,"$1,305",12%
621,Freshman Orientation,"$10,718","$10,718",100%,-,-
622,Splinter,"$10,497","$10,497",100%,-,-
623,Steel City,"$10,227","$10,227",100%,-,-
624,Allegro,"$10,208","$7,404",72.5%,"$2,804",27.5%
625,Choking Man,"$10,053","$5,474",54.5%,"$4,579",45.5%
626,Black White + Gray: A Portrait of Sam Wagstaff and Robert Mapplethorpe,"$9,975","$8,939",89.6%,"$1,036",10.4%
627,Nina's Heavenly Delights 2007 Re-release,"$9,936","$9,936",100%,-,-
628,If I Didn't Care,"$9,902","$9,902",100%,-,-
629,Something to Cheer About,"$9,777","$9,777",100%,-,-
630,Weirdsville,"$9,700","$8,161",84.1%,"$1,539",15.9%
631,The Sasquatch Gang,"$9,458","$9,458",100%,-,-
632,Strike,"$8,872","$8,872",100%,-,-
633,Out of the Blue 2007 Re-release,"$8,826","$1,477",16.7%,"$7,349",83.3%
634,Closing Escrow,"$8,719","$8,719",100%,-,-
635,G.I. Jesus,"$8,593","$8,593",100%,-,-
636,Salvador Allende 2007 Re-release,"$8,454","$8,454",100%,-,-
637,Goodbye Momo,"$8,453","$8,453",100%,-,-
638,The Iron Man,"$8,025","$8,025",100%,-,-
639,La otra conquista 2007 Re-release,"$8,000","$8,000",100%,-,-
640,Disappearances,"$7,506","$7,506",100%,-,-
641,Casting About,"$7,279","$7,279",100%,-,-
642,Quantum Hoops,"$7,075","$7,075",100%,-,-
643,The Camden 28,"$6,983","$6,983",100%,-,-
644,Black Irish,"$6,900","$6,900",100%,-,-
645,Farce of the Penguins,"$6,832",-,-,"$6,832",100%
646,Operation Homecoming: Writing the Wartime Experience,"$6,795","$6,795",100%,-,-
647,Skid Row,"$6,627","$6,627",100%,-,-
648,Ten 'til Noon,"$6,404","$6,404",100%,-,-
649,Mr. Blue Sky,"$5,713","$5,713",100%,-,-
650,Fired!,"$5,661","$5,661",100%,-,-
651,Race You to the Bottom,"$5,468","$5,468",100%,-,-
652,Fratricide,"$5,428","$5,428",100%,-,-
653,Hatsujô kateikyôshi: Sensei no aijiru,"$5,383","$5,383",100%,-,-
654,Rock the Bells,"$5,347","$5,347",100%,-,-
655,Everything's Cool,"$4,890","$4,890",100%,-,-
656,Laura Smiles,"$4,558","$4,558",100%,-,-
657,Blood & Tears,"$4,364","$4,364",100%,-,-
658,Beauty Remains,"$4,298","$4,298",100%,-,-
659,"C'est pas moi, c'est l'autre","$3,935","$3,935",100%,-,-
660,Berkeley,"$3,770","$3,770",100%,-,-
661,I'm Reed Fish,"$3,567","$3,567",100%,-,-
662,Antonia,"$3,550","$3,550",100%,-,-
663,The Price of Sugar,"$3,384","$3,384",100%,-,-
664,'Tis Autumn: The Search for Jackie Paris,"$3,347","$1,476",44.1%,"$1,871",55.9%
665,The Prisoner or: How I Planned to Kill Tony Blair,"$3,103","$3,103",100%,-,-
666,Los Muertos 2007 Re-release,"$3,027","$3,027",100%,-,-
667,Intervention,"$2,980",$279,9.4%,"$2,701",90.6%
668,Looking for an Icon,"$2,393","$2,393",100%,-,-
669,You're Gonna Miss Me,"$2,324","$2,324",100%,-,-
670,Beyond Hatred,"$2,003",$949,47.4%,"$1,054",52.6%
671,Greg & Gentillon,"$1,913","$1,913",100%,-,-
672,Oswald's Ghost,"$1,796","$1,796",100%,-,-
673,Divine Intervention,"$1,485","$1,485",100%,-,-
674,Unborn in the USA: Inside the War on Abortion,"$1,475","$1,475",100%,-,-
675,Four Lane Highway,"$1,393","$1,393",100%,-,-
676,The Dog Problem,"$1,344","$1,344",100%,-,-
677,The Trials of Darryl Hunt,"$1,217","$1,217",100%,-,-
678,Looking for Cheyenne,$973,$973,100%,-,-
679,PTU,$849,-,-,$849,100%
680,Flakes,$778,$778,100%,-,-
681,Notes on Marie Menken,$577,$577,100%,-,-
682,Obscene,$549,-,-,$549,100%
683,The Last Door,$488,$488,100%,-,-
